,f1_ATT,f2_TRT,Routes
0,11.218568665377177,137,11-10-12-13*12-13-9-7-5-2-1-0*4-3-5-7-9*12-9-6-14-8*11-3-5-14-6*10-9-7-5-3-4*
2,11.030303030303031,150,11-10-12-13*12-13-9-7-5-2-1-0*1-4-3-5-7-9-6*12-9-6-14-8*11-3-5-14-6*10-9-7-5-3-4*
9,10.996776273372019,199,10-12-9-7-14*11-10-12-13-9-7-5-2-1-0*1-4-3-5-7-9-6*10-12-9-6-14-8*12-10-11-3-5-14-6*10-9-7-5-3-11*
