,f1_ATT,f2_TRT,Routes
0,11.290780141843971,117,8-14-6-9-13-12*9-10-11*1-2-5-14-6*0-1-3-11*8-14-5-3-4*1-2-5-7-9-10-12*
1,11.640232108317214,115,8-14-6-9-13-12*9-10-11*1-2-5-14-6*0-1-3-11*8-14-5-3-4*2-5-7-9-10-12*
