,f1_ATT,f2_TRT,Routes
0,12.865248226950355,81,6-14-5*4-3-5-14-8*5-2-1-0*9-6-14*2-5-7-9-10*13-12-10-11*
5,12.254029658284978,89,6-14-5*4-3-5-14*5-2-1-0*9-6-14-8*2-5-7-9-10*9-13-12-10-11*
6,12.147646679561573,91,6-14-5*4-3-5-14*7-5-2-1-0*9-6-14-8*2-5-7-9-10*9-13-12-10-11*
7,12.729851708575113,83,6-14-5*4-3-5-14*7-5-2-1-0*9-6-14-8*2-5-7-9-10*13-12-10-11*
