,f1_ATT,f2_TRT,Routes
0,11.232753062540297,122,6-14-5-2-1-0*8-14-5-3-4*12-10-9-7-5-3-4*11-10-9*0-1-2-5-7-9-13-12*14-6-9*
1,11.528046421663444,117,6-14-5-2-1-0*8-14-5-3-4*10-9-7-5-3-4*11-10-9*0-1-2-5-7-9-13-12*14-6-9*
3,10.813023855577047,147,6-14-5-2-1-0*8-14-5-3-4-1*10-9-7-5-3-4*3-11-10-9-6-14*0-1-2-5-7-9-13-12-10*14-6-9*
4,10.987105093488072,139,6-14-5-2-1-0*8-14-5-3-4-1*10-9-7-5-3-4*3-11-10-9-6-14*1-2-5-7-9-13-12-10*14-6-9*
