,Exp,Layers,Learning rate,Training time [s],Accuracy,R2,MAE,MSE,Iterations
0,E0,"[126, 50, 10, 1]",0.01,0.276822,0.0064,-424.8977,12.8352,165.137,1
1,E1,"[126, 50, 10, 1]",0.009,0.260849,0.0058,-425.3789,12.8425,165.3236,1
2,E2,"[126, 50, 10, 1]",0.0085,0.261849,0.0055,-425.613,12.846,165.4143,1
3,E3,"[126, 50, 10, 1]",0.008,0.245858,0.0053,-425.8355,12.8494,165.5006,1
